﻿<mockup version="5.3" minAllowVersion="5.3" ID="05B4D03B-5CDB-489D-96AF-0C62D8E3728E" platform="MtDesktop" defaultW="1920" defaultH="1080" measureW="1920" measureH="1080" mobileScreenScale="0">
  <controls controlCount="14">
    <control controlID="42DC3800-655D-4AA5-81F7-9612E22FBA00" controlTypeID="List" x="71" y="206" w="168" h="252" zOrder="0">
      <verticalScrollbarShow>True</verticalScrollbarShow>
      <links eventType="AtClick" animate="AmNone" animateAutoDelay="0" animateDuration="500">
        <link targetPageID="24611FF3-AD0D-4192-A844-A58F95AA3808" linkType="ltPageLink" isApplyIncludePage="False" title="ApeCoin+Futures+See+$36M+in+Liquidations+After+Volatile+Trading">
          <area shape="0" alt="" ID="{4DB4179F-AB37-418D-B063-C666801FD12A}" coords="(1,1,167,26)"/>
        </link>
        <link targetPageID="05B4D03B-5CDB-489D-96AF-0C62D8E3728E" linkType="ltPageLink" isApplyIncludePage="False" title="Swiss+National+Bank+Owns+No+Bitcoin%2C+but+Could+Buy+in+the+Future%2C+Chairman+Says">
          <area shape="0" alt="" ID="{C9B9B002-4E05-4542-82A4-C0A92260F5E3}" coords="(1,26,167,51)"/>
        </link>
        <link targetPageID="09B867AD-8FC7-44DD-ADD0-B07DA24A9A87" linkType="ltPageLink" isApplyIncludePage="False" title="Cracking+the+Notification+Conundrum+in+Web+3+Apps">
          <area shape="0" alt="" ID="{BEEF219D-4720-4876-8FD4-689365684BAF}" coords="(1,51,167,76)"/>
        </link>
        <link targetPageID="3949D9E9-A544-45F2-8DDD-BCB441A9BAB4" linkType="ltPageLink" isApplyIncludePage="False" title="Nexo+Token+Enjoys+Short-Lived+Rally+Upon+Binance+Listing">
          <area shape="0" alt="" ID="{1026831E-E910-4692-BE92-3C50CD931924}" coords="(1,76,167,101)"/>
        </link>
        <link targetPageID="312FE25A-509D-4480-AFB7-65C41F710D60" linkType="ltPageLink" isApplyIncludePage="False" title="Goldman+Sachs+Makes+Its+First+Bitcoin-Backed+Loan">
          <area shape="0" alt="" ID="{5015D072-0B6E-4D01-879C-783972853367}" coords="(1,101,167,126)"/>
        </link>
        <link targetPageID="7C5F2EE7-736D-410A-9DCA-E66EF37C562C" linkType="ltPageLink" isApplyIncludePage="False" title="How+to+Spend+Your+Crypto+Using+Bitrefill%E2%80%99s+Gift+Card+Platform">
          <area shape="0" alt="" ID="{31D241D9-F16A-4828-B6A8-A8D878187D3E}" coords="(1,126,167,151)"/>
        </link>
        <link targetPageID="FAD1B585-30E2-4B4B-AD93-6C1EFF35203C" linkType="ltPageLink" isApplyIncludePage="False" title="A+Brief+Overview+of+Crypto+Payments+in+5+Charts">
          <area shape="0" alt="" ID="{B45B9009-CFD6-4A6C-95D3-2D6AEB5BCCAF}" coords="(1,151,167,176)"/>
        </link>
        <link targetPageID="5C92024A-5312-4579-AEF5-AA516B317194" linkType="ltPageLink" isApplyIncludePage="False" title="The+Crypto+Company+Aiding+El+Salvador%E2%80%99s+Bitcoin+Adoption">
          <area shape="0" alt="" ID="{F3E5965D-23EF-48AF-9CFD-1F31F4077158}" coords="(1,176,167,201)"/>
        </link>
      </links>
      <font family="Segoe+UI" displayName="Segoe+UI" postScript="" weightStyle="Regular" weight="400" isBold="False" isItalic="False" useDefaultFontFamily="False"/>
      <text>ApeCoin+Futures+See+$36M+in+Liquidations+After+Volatile+Trading%0D%0ASwiss+National+Bank+Owns+No+Bitcoin%2C+but+Could+Buy+in+the+Future%2C+Chairman+Says%0D%0ACracking+the+Notification+Conundrum+in+Web+3+Apps%0D%0ANexo+Token+Enjoys+Short-Lived+Rally+Upon+Binance+Listing%0D%0AGoldman+Sachs+Makes+Its+First+Bitcoin-Backed+Loan%0D%0AHow+to+Spend+Your+Crypto+Using+Bitrefill%E2%80%99s+Gift+Card+Platform%0D%0AA+Brief+Overview+of+Crypto+Payments+in+5+Charts%0D%0AThe+Crypto+Company+Aiding+El+Salvador%E2%80%99s+Bitcoin+Adoption%0D%0A</text>
      <lineSpacing>0</lineSpacing>
      <selectedIndex>1</selectedIndex>
      <selectedColor>4294927872</selectedColor>
    </control>
    <control controlID="D6458B03-C579-4AAE-8F79-28BD9EB70657" controlTypeID="MenuBar" x="384" y="52" w="282" h="48" zOrder="1">
      <links eventType="AtClick" animate="AmNone" animateAutoDelay="0" animateDuration="500">
        <link targetPageID="DD15667D-F578-4164-B09A-E4F68C3AE0B0" linkType="ltPageLink" isApplyIncludePage="False" title="Home">
          <area shape="0" alt="" ID="{C664EFFC-03AD-4CE0-8399-A0DD29FBC158}" coords="(0,0,63,48)"/>
        </link>
        <link targetPageID="801497A4-FDC3-43C9-A530-6963AA01E4FB" linkType="ltPageLink" isApplyIncludePage="False" title="+Profile">
          <area shape="0" alt="" ID="{2592FD68-F7E1-45DC-A118-B906D4C73F67}" coords="(63,0,131,48)"/>
        </link>
        <link targetPageID="E607C53E-AE98-4034-8537-E63F332218F9" linkType="ltPageLink" isApplyIncludePage="False" title="+Courses">
          <area shape="0" alt="" ID="{10F3683A-34F9-41E4-980D-5B4D9020304D}" coords="(131,0,207,48)"/>
        </link>
      </links>
      <font family="Segoe+UI" displayName="Segoe+UI" postScript="" weightStyle="Regular" weight="400" isBold="False" isItalic="False"/>
      <text>Home%2C+Profile%2C+Courses</text>
      <lineSpacing>0</lineSpacing>
      <selectedIndex>2</selectedIndex>
      <selectedColor>4294927872</selectedColor>
    </control>
    <control controlID="9FDC94D2-6E41-4F48-867A-1FA87A6FD26C" controlTypeID="TextArea" x="293" y="210" w="1173" h="115" zOrder="2">
      <font family="Segoe+UI" displayName="Segoe+UI+Bold" postScript="" weightStyle="Bold" weight="700" isBold="True" isItalic="False"/>
      <text>Swiss+National+Bank+Owns+No+Bitcoin%2C+but+Could+Buy+in+the+Future%2C+Chairman+Says</text>
      <textSize>28</textSize>
      <textStyles>[fsBold]</textStyles>
      <useDefaultTextSize>False</useDefaultTextSize>
      <selectedIndex>-1</selectedIndex>
    </control>
    <control controlID="A24088DC-CB32-437A-A851-224C3166C155" controlTypeID="Image" x="1844" y="10" w="66" h="56" zOrder="3">
      <clipShapeType>SbEllipse</clipShapeType>
      <URL>B5262111FDCF61006F3AE29A20B31320.jpg</URL>
    </control>
    <control controlID="6DBF3231-941A-4412-A9CC-29DCE20596FC" controlTypeID="Label" x="1850" y="76" w="52" h="16" zOrder="4">
      <font family="Segoe+UI" displayName="Segoe+UI" postScript="" weightStyle="Regular" weight="400" isBold="False" isItalic="False"/>
      <text>Welcome%2C</text>
      <textSize>12</textSize>
      <lineSpacing>0</lineSpacing>
      <selectedIndex>-1</selectedIndex>
    </control>
    <control controlID="28B5BE1A-8109-44DC-B558-1521CFDDAC24" controlTypeID="Label" x="1852" y="92" w="50" h="16" zOrder="5">
      <font family="Segoe+UI" displayName="Segoe+UI" postScript="" weightStyle="Regular" weight="400" isBold="False" isItalic="False"/>
      <text>John+Doe</text>
      <textSize>12</textSize>
      <lineSpacing>0</lineSpacing>
      <selectedIndex>-1</selectedIndex>
    </control>
    <control controlID="037CDABE-0137-460B-A951-9E50F48716E2" controlTypeID="Label" x="1852" y="118" w="44" h="16" zOrder="6">
      <color>13382502</color>
      <links eventType="AtClick" animate="AmNone" animateAutoDelay="0" animateDuration="500">
        <link targetPageID="D9B50897-D00D-4C59-8AD4-3BC2491D071E" linkType="ltPageLink" isApplyIncludePage="False" title="Login">
          <area shape="0" alt="" ID="{D168A615-D852-44DD-A179-65EB313756E0}" coords="(0,0,44,16)"/>
        </link>
      </links>
      <font family="Segoe+UI" displayName="Segoe+UI" postScript="" weightStyle="Regular" weight="400" isBold="False" isItalic="False"/>
      <text>Sign+out</text>
      <textColor>4278216447</textColor>
      <textSize>12</textSize>
      <lineSpacing>0</lineSpacing>
      <textStyles>[fsUnderline]</textStyles>
      <selectedIndex>-1</selectedIndex>
    </control>
    <control controlID="7937B81E-851C-4819-8E10-A448D43CE891" controlTypeID="TextArea" x="293" y="259" w="429" h="980" zOrder="7">
      <font family="Segoe+UI" displayName="Segoe+UI" postScript="" weightStyle="Regular" weight="400" isBold="False" isItalic="False"/>
      <text>The+Swiss+National+Bank+(SNB)+isn't+currently+interested+in+holding+bitcoin+(BTC)%2C+but+could+move+quickly+to+do+so+at+some+point%2C+said+Chairman+Thomas+Jordan.%0D%0A%22Buying+bitcoin+is+not+a+problem+for+us%2C+we+can+do+that+either+directly+or+can+buy+investment+products+which+are+based+on+bitcoin%2C%22+Jordan+said+in+response+to+a+question+at+the+SNB's+annual+meeting.+%22We+can+arrange+the+technical+and+operative+conditions+relatively+quickly%2C+when+we+are+convinced+we+must+have+bitcoin+in+our+balance+sheet.%22%0D%0AHowever%2C+he+added%2C+%22We+do+not+believe+bitcoin+meets+the+requirements+of+currency+reserves.%22%0D%0AAccording+to+an+annual+report+published+in+March%2C+the+SNB's+reserves+as+of+Dec.+31%2C+2021%2C+came+to+just+over+CHF1+trillion+(US$1.03+trillion).+The+U.S.+dollar+accounts+for+39%25+of+reserves%2C+the+euro+37%25%2C+Japan's+yen+8%25+and+the+U.K.'s+pound+6%25.+Gold+holdings+were+just+shy+of+CHF56+billion%2C+or+less+than+6%25+of+reserves.</text>
      <textSize>18</textSize>
      <useDefaultTextSize>False</useDefaultTextSize>
      <selectedIndex>-1</selectedIndex>
    </control>
    <control controlID="93D6D52B-475A-4D18-9897-B81B446EF7C0" controlTypeID="VideoPlayer" x="294" y="759" w="429" h="267" zOrder="8"/>
    <control controlID="7C888F4F-C98E-4DFF-8CF3-88074EBFD91E" controlTypeID="Image" x="-2" y="144" w="1922" h="56" zOrder="9">
      <URL>B5444625A8FFA1FB9B0B2DFD0F176A71.png</URL>
    </control>
    <control controlID="6E497FFC-1918-49A1-A350-51CDBA2B073C" controlTypeID="Image" x="42" y="20" w="152" h="114" zOrder="10">
      <URL>D648F122E98A4063A6FA99BD6DDE48E2.png</URL>
    </control>
    <control controlID="90F72FA9-3579-4AA6-8C91-AB1A94AD6DAA" controlTypeID="Button" x="1697" y="1042" w="208" h="28" zOrder="11">
      <states>
        <state propName="Color" stateType="state_mouseOver" isChecked="True" value="4278190080" varType="20"/>
      </states>
      <color>4294927872</color>
      <borderVisible>False</borderVisible>
      <links eventType="AtClick" animate="AmNone" animateAutoDelay="0" animateDuration="500">
        <link targetPageID="901872BE-ABD1-4E3E-A86A-5B17FBFFAAC4" linkType="ltPageLink" isApplyIncludePage="False" title="Test">
          <area shape="0" alt="" ID="{2B897855-18A1-455F-BB61-FC9C0028F534}" coords="(0,0,208,28)"/>
        </link>
      </links>
      <font family="Segoe+UI" displayName="Segoe+UI" postScript="" weightStyle="Regular" weight="400" isBold="False" isItalic="False" useDefaultFontFamily="False"/>
      <text>Take+the+Test!!</text>
      <textColor>4294967295</textColor>
      <textSize>12</textSize>
      <lineSpacing>0</lineSpacing>
      <selectedIndex>-1</selectedIndex>
      <radius>100</radius>
      <radiusIsPercent>True</radiusIsPercent>
    </control>
    <control controlID="6DE4B02F-5C52-4AFC-918F-A975381F0BBB" controlTypeID="Image" x="808" y="267" w="754" h="485" zOrder="12">
      <URL>991A607E0C8A509D32E4A217D39CF4BB.png</URL>
    </control>
    <control controlID="5B8E010C-1C67-4B78-A42F-B73A5B7F2C4A" controlTypeID="BreadCrumbs" x="10" y="1054" w="197" h="16" zOrder="13">
      <links eventType="AtClick" animate="AmNone" animateAutoDelay="0" animateDuration="500">
        <link targetPageID="DD15667D-F578-4164-B09A-E4F68C3AE0B0" linkType="ltPageLink" isApplyIncludePage="False" title="CryptoUni">
          <area shape="0" alt="" ID="{880E4E60-B980-4ACF-9E55-F3D54A9F8A54}" coords="(0,0,54,16)"/>
        </link>
        <link targetPageID="E607C53E-AE98-4034-8537-E63F332218F9" linkType="ltPageLink" isApplyIncludePage="False" title="Courses">
          <area shape="0" alt="" ID="{FB3F4EF5-10C1-43D8-87D0-3A3762F01F0F}" coords="(66,0,108,16)"/>
        </link>
        <link targetPageID="3949D9E9-A544-45F2-8DDD-BCB441A9BAB4" linkType="ltPageLink" isApplyIncludePage="False" title="Swiss+National">
          <area shape="0" alt="" ID="{71E02B17-7523-470A-A588-02B1709E752F}" coords="(120,0,197,16)"/>
        </link>
      </links>
      <font family="Segoe+UI" displayName="Segoe+UI" postScript="" weightStyle="Regular" weight="400" isBold="False" isItalic="False"/>
      <text>CryptoUni%2CCourses%2CSwiss+National</text>
      <lineSpacing>0</lineSpacing>
    </control>
  </controls>
  <param>
    <backgroundColor>4294967295</backgroundColor>
    <fontSize>12</fontSize>
    <fontFamily>Segoe+UI</fontFamily>
    <guideLines/>
  </param>
</mockup>