﻿<mockup version="5.3" minAllowVersion="5.3" ID="312FE25A-509D-4480-AFB7-65C41F710D60" platform="MtDesktop" defaultW="1920" defaultH="1080" measureW="1920" measureH="1080" mobileScreenScale="0">
  <controls controlCount="14">
    <control controlID="A9BE5496-2467-45C6-AD20-92AA2128051A" controlTypeID="List" x="71" y="206" w="168" h="252" zOrder="0">
      <verticalScrollbarShow>True</verticalScrollbarShow>
      <links eventType="AtClick" animate="AmNone" animateAutoDelay="0" animateDuration="500">
        <link targetPageID="24611FF3-AD0D-4192-A844-A58F95AA3808" linkType="ltPageLink" isApplyIncludePage="False" title="ApeCoin+Futures+See+$36M+in+Liquidations+After+Volatile+Trading">
          <area shape="0" alt="" ID="{4DB4179F-AB37-418D-B063-C666801FD12A}" coords="(1,1,167,26)"/>
        </link>
        <link targetPageID="05B4D03B-5CDB-489D-96AF-0C62D8E3728E" linkType="ltPageLink" isApplyIncludePage="False" title="Swiss+National+Bank+Owns+No+Bitcoin%2C+but+Could+Buy+in+the+Future%2C+Chairman+Says">
          <area shape="0" alt="" ID="{C9B9B002-4E05-4542-82A4-C0A92260F5E3}" coords="(1,26,167,51)"/>
        </link>
        <link targetPageID="09B867AD-8FC7-44DD-ADD0-B07DA24A9A87" linkType="ltPageLink" isApplyIncludePage="False" title="Cracking+the+Notification+Conundrum+in+Web+3+Apps">
          <area shape="0" alt="" ID="{BEEF219D-4720-4876-8FD4-689365684BAF}" coords="(1,51,167,76)"/>
        </link>
        <link targetPageID="3949D9E9-A544-45F2-8DDD-BCB441A9BAB4" linkType="ltPageLink" isApplyIncludePage="False" title="Nexo+Token+Enjoys+Short-Lived+Rally+Upon+Binance+Listing">
          <area shape="0" alt="" ID="{1026831E-E910-4692-BE92-3C50CD931924}" coords="(1,76,167,101)"/>
        </link>
        <link targetPageID="312FE25A-509D-4480-AFB7-65C41F710D60" linkType="ltPageLink" isApplyIncludePage="False" title="Goldman+Sachs+Makes+Its+First+Bitcoin-Backed+Loan">
          <area shape="0" alt="" ID="{5015D072-0B6E-4D01-879C-783972853367}" coords="(1,101,167,126)"/>
        </link>
        <link targetPageID="7C5F2EE7-736D-410A-9DCA-E66EF37C562C" linkType="ltPageLink" isApplyIncludePage="False" title="How+to+Spend+Your+Crypto+Using+Bitrefill%E2%80%99s+Gift+Card+Platform">
          <area shape="0" alt="" ID="{31D241D9-F16A-4828-B6A8-A8D878187D3E}" coords="(1,126,167,151)"/>
        </link>
        <link targetPageID="FAD1B585-30E2-4B4B-AD93-6C1EFF35203C" linkType="ltPageLink" isApplyIncludePage="False" title="A+Brief+Overview+of+Crypto+Payments+in+5+Charts">
          <area shape="0" alt="" ID="{B45B9009-CFD6-4A6C-95D3-2D6AEB5BCCAF}" coords="(1,151,167,176)"/>
        </link>
        <link targetPageID="5C92024A-5312-4579-AEF5-AA516B317194" linkType="ltPageLink" isApplyIncludePage="False" title="The+Crypto+Company+Aiding+El+Salvador%E2%80%99s+Bitcoin+Adoption">
          <area shape="0" alt="" ID="{F3E5965D-23EF-48AF-9CFD-1F31F4077158}" coords="(1,176,167,201)"/>
        </link>
      </links>
      <font family="Segoe+UI" displayName="Segoe+UI" postScript="" weightStyle="Regular" weight="400" isBold="False" isItalic="False" useDefaultFontFamily="False"/>
      <text>ApeCoin+Futures+See+$36M+in+Liquidations+After+Volatile+Trading%0D%0ASwiss+National+Bank+Owns+No+Bitcoin%2C+but+Could+Buy+in+the+Future%2C+Chairman+Says%0D%0ACracking+the+Notification+Conundrum+in+Web+3+Apps%0D%0ANexo+Token+Enjoys+Short-Lived+Rally+Upon+Binance+Listing%0D%0AGoldman+Sachs+Makes+Its+First+Bitcoin-Backed+Loan%0D%0AHow+to+Spend+Your+Crypto+Using+Bitrefill%E2%80%99s+Gift+Card+Platform%0D%0AA+Brief+Overview+of+Crypto+Payments+in+5+Charts%0D%0AThe+Crypto+Company+Aiding+El+Salvador%E2%80%99s+Bitcoin+Adoption%0D%0A</text>
      <lineSpacing>0</lineSpacing>
      <selectedIndex>4</selectedIndex>
      <selectedColor>4294927872</selectedColor>
    </control>
    <control controlID="6D100AC3-7C00-4D59-92AF-E4C16CECA4A7" controlTypeID="MenuBar" x="384" y="52" w="282" h="48" zOrder="1">
      <links eventType="AtClick" animate="AmNone" animateAutoDelay="0" animateDuration="500">
        <link targetPageID="DD15667D-F578-4164-B09A-E4F68C3AE0B0" linkType="ltPageLink" isApplyIncludePage="False" title="Home">
          <area shape="0" alt="" ID="{C664EFFC-03AD-4CE0-8399-A0DD29FBC158}" coords="(0,0,63,48)"/>
        </link>
        <link targetPageID="801497A4-FDC3-43C9-A530-6963AA01E4FB" linkType="ltPageLink" isApplyIncludePage="False" title="+Profile">
          <area shape="0" alt="" ID="{2592FD68-F7E1-45DC-A118-B906D4C73F67}" coords="(63,0,131,48)"/>
        </link>
        <link targetPageID="E607C53E-AE98-4034-8537-E63F332218F9" linkType="ltPageLink" isApplyIncludePage="False" title="+Courses">
          <area shape="0" alt="" ID="{10F3683A-34F9-41E4-980D-5B4D9020304D}" coords="(131,0,207,48)"/>
        </link>
      </links>
      <font family="Segoe+UI" displayName="Segoe+UI" postScript="" weightStyle="Regular" weight="400" isBold="False" isItalic="False"/>
      <text>Home%2C+Profile%2C+Courses</text>
      <lineSpacing>0</lineSpacing>
      <selectedIndex>2</selectedIndex>
      <selectedColor>4294927872</selectedColor>
    </control>
    <control controlID="102769AD-0062-4C7D-A53B-31A809F69904" controlTypeID="TextArea" x="298" y="210" w="851" h="66" zOrder="2">
      <font family="Segoe+UI" displayName="Segoe+UI+Bold" postScript="" weightStyle="Bold" weight="700" isBold="True" isItalic="False"/>
      <text>Goldman+Sachs+Makes+Its+First+Bitcoin-Backed+Loan</text>
      <textSize>28</textSize>
      <textStyles>[fsBold]</textStyles>
      <useDefaultTextSize>False</useDefaultTextSize>
      <selectedIndex>-1</selectedIndex>
    </control>
    <control controlID="FC90633B-AC76-445A-8AB9-4B915971C253" controlTypeID="Image" x="1834" y="10" w="66" h="56" zOrder="3">
      <clipShapeType>SbEllipse</clipShapeType>
      <URL>B5262111FDCF61006F3AE29A20B31320.jpg</URL>
    </control>
    <control controlID="95561A76-5E8A-447E-9CFB-375B3EBC433A" controlTypeID="Label" x="1840" y="76" w="52" h="16" zOrder="4">
      <font family="Segoe+UI" displayName="Segoe+UI" postScript="" weightStyle="Regular" weight="400" isBold="False" isItalic="False"/>
      <text>Welcome%2C</text>
      <textSize>12</textSize>
      <lineSpacing>0</lineSpacing>
      <selectedIndex>-1</selectedIndex>
    </control>
    <control controlID="98C8FA02-05FF-4B10-ACD6-A55304C26E4D" controlTypeID="Label" x="1842" y="92" w="50" h="16" zOrder="5">
      <font family="Segoe+UI" displayName="Segoe+UI" postScript="" weightStyle="Regular" weight="400" isBold="False" isItalic="False"/>
      <text>John+Doe</text>
      <textSize>12</textSize>
      <lineSpacing>0</lineSpacing>
      <selectedIndex>-1</selectedIndex>
    </control>
    <control controlID="87D4A9C5-62A4-4F9E-AFD1-D4F915E3270B" controlTypeID="Label" x="1842" y="118" w="44" h="16" zOrder="6">
      <color>13382502</color>
      <links eventType="AtClick" animate="AmNone" animateAutoDelay="0" animateDuration="500">
        <link targetPageID="D9B50897-D00D-4C59-8AD4-3BC2491D071E" linkType="ltPageLink" isApplyIncludePage="False" title="Login">
          <area shape="0" alt="" ID="{D168A615-D852-44DD-A179-65EB313756E0}" coords="(0,0,44,16)"/>
        </link>
      </links>
      <font family="Segoe+UI" displayName="Segoe+UI" postScript="" weightStyle="Regular" weight="400" isBold="False" isItalic="False"/>
      <text>Sign+out</text>
      <textColor>4278216447</textColor>
      <textSize>12</textSize>
      <lineSpacing>0</lineSpacing>
      <textStyles>[fsUnderline]</textStyles>
      <selectedIndex>-1</selectedIndex>
    </control>
    <control controlID="ED1AC979-5FDB-4C84-A52A-5680A647C24D" controlTypeID="TextArea" x="298" y="256" w="805" h="664" zOrder="7">
      <font family="Segoe+UI" displayName="Segoe+UI" postScript="" weightStyle="Regular" weight="400" isBold="False" isItalic="False"/>
      <text>Goldman+Sachs+(GS)+has+offered+its+first+bitcoin-backed+loan+in+the+latest+sign+that+Wall+Street+is+moving+further+into+crypto.+Bloomberg+first+reported+on+the+news.%0D%0A%0D%0AGoldman%E2%80%99s+secured+lending+facility+allowed+a+borrower+to+use+bitcoin+(BTC)+as+collateral+for+a+cash+loan.%0D%0A%0D%0A%22We+recently+extended+a+secured+lending+facility+where+we+lent+fiat+collateralized+on+BTC%3B+BTC+being+owned+by+the+borrower%2C%22+a+Goldman+spokeswoman+told+CoinDesk+in+an+email.+%22The+interesting+piece+for+us+was+the+structure+and+the+24-7-365+day+risk+management.%22%0D%0A%0D%0AGoldman%2C+which+has+a+dedicated+digital+assets+team%2C+traded+its+first+over-the-counter+bitcoin+options+to+Galaxy+Digital+last+month.%0D%0A%0D%0AGoldman+is+following+in+the+footsteps+of+other+traditional+finance+giants+moving+further+into+crypto.+Last+month%2C+Cowen+launched+a+digital+assets+unit+and+BlackRock+(BLK)+participated+in+the+$400+million+funding+round+for+USDC+stablecoin+creator+Circle.%0D%0A%0D%0AEarlier+Thursday%2C+news+broke+that+private+equity+investment+behemoth+Apollo+Global+Management+had+hired+former+JPMorgan+(JPM)+executive+Christine+Moy+to+serve+as+its+first+head+of+digital+assets+strategy.</text>
      <textSize>18</textSize>
      <useDefaultTextSize>False</useDefaultTextSize>
      <selectedIndex>-1</selectedIndex>
    </control>
    <control controlID="8ED65A43-4CBE-4192-9DA2-989453CCA159" controlTypeID="VideoPlayer" x="293" y="757" w="429" h="267" zOrder="8"/>
    <control controlID="C76A9B8C-A45A-41BB-A5E8-35767C927C47" controlTypeID="Image" x="-2" y="144" w="1922" h="56" zOrder="9">
      <URL>B5444625A8FFA1FB9B0B2DFD0F176A71.png</URL>
    </control>
    <control controlID="40D443FB-43AE-45CD-B098-A9415544FB05" controlTypeID="Image" x="42" y="20" w="152" h="114" zOrder="10">
      <URL>D648F122E98A4063A6FA99BD6DDE48E2.png</URL>
    </control>
    <control controlID="91C03716-C8FE-4DDA-BB15-B81E42147F57" controlTypeID="Image" x="1180" y="299" w="559" h="383" zOrder="11">
      <URL>CC28370E9E6733817BF158978546959B.png</URL>
    </control>
    <control controlID="78337659-B5E6-4A35-87B4-9DBFF564B90E" controlTypeID="Button" x="1697" y="1042" w="208" h="28" zOrder="12">
      <states>
        <state propName="Color" stateType="state_mouseOver" isChecked="True" value="4278190080" varType="20"/>
      </states>
      <color>4294927872</color>
      <borderVisible>False</borderVisible>
      <links eventType="AtClick" animate="AmNone" animateAutoDelay="0" animateDuration="500">
        <link targetPageID="901872BE-ABD1-4E3E-A86A-5B17FBFFAAC4" linkType="ltPageLink" isApplyIncludePage="False" title="Test">
          <area shape="0" alt="" ID="{2B897855-18A1-455F-BB61-FC9C0028F534}" coords="(0,0,208,28)"/>
        </link>
      </links>
      <font family="Segoe+UI" displayName="Segoe+UI" postScript="" weightStyle="Regular" weight="400" isBold="False" isItalic="False" useDefaultFontFamily="False"/>
      <text>Take+the+Test!!</text>
      <textColor>4294967295</textColor>
      <textSize>12</textSize>
      <lineSpacing>0</lineSpacing>
      <selectedIndex>-1</selectedIndex>
      <radius>100</radius>
      <radiusIsPercent>True</radiusIsPercent>
    </control>
    <control controlID="9081AC77-B000-4128-A09D-676A46B34078" controlTypeID="BreadCrumbs" x="10" y="1054" w="240" h="16" zOrder="13">
      <links eventType="AtClick" animate="AmNone" animateAutoDelay="0" animateDuration="500">
        <link targetPageID="DD15667D-F578-4164-B09A-E4F68C3AE0B0" linkType="ltPageLink" isApplyIncludePage="False" title="CryptoUni">
          <area shape="0" alt="" ID="{880E4E60-B980-4ACF-9E55-F3D54A9F8A54}" coords="(0,0,54,16)"/>
        </link>
        <link targetPageID="E607C53E-AE98-4034-8537-E63F332218F9" linkType="ltPageLink" isApplyIncludePage="False" title="Courses">
          <area shape="0" alt="" ID="{FB3F4EF5-10C1-43D8-87D0-3A3762F01F0F}" coords="(66,0,108,16)"/>
        </link>
        <link targetPageID="3949D9E9-A544-45F2-8DDD-BCB441A9BAB4" linkType="ltPageLink" isApplyIncludePage="False" title="Goldman+Sachs+Makes">
          <area shape="0" alt="" ID="{71E02B17-7523-470A-A588-02B1709E752F}" coords="(120,0,240,16)"/>
        </link>
      </links>
      <font family="Segoe+UI" displayName="Segoe+UI" postScript="" weightStyle="Regular" weight="400" isBold="False" isItalic="False"/>
      <text>CryptoUni%2CCourses%2CGoldman+Sachs+Makes</text>
      <lineSpacing>0</lineSpacing>
    </control>
  </controls>
  <param>
    <backgroundColor>4294967295</backgroundColor>
    <fontSize>12</fontSize>
    <fontFamily>Segoe+UI</fontFamily>
    <guideLines/>
  </param>
</mockup>