﻿<mockup version="5.3" minAllowVersion="5.3" ID="3949D9E9-A544-45F2-8DDD-BCB441A9BAB4" platform="MtDesktop" defaultW="1920" defaultH="1080" measureW="1920" measureH="1080" mobileScreenScale="0">
  <controls controlCount="14">
    <control controlID="2B3CD6AA-04D6-428F-86D4-CB1CF6C626BE" controlTypeID="MenuBar" x="384" y="52" w="282" h="48" zOrder="0">
      <links eventType="AtClick" animate="AmNone" animateAutoDelay="0" animateDuration="500">
        <link targetPageID="DD15667D-F578-4164-B09A-E4F68C3AE0B0" linkType="ltPageLink" isApplyIncludePage="False" title="Home">
          <area shape="0" alt="" ID="{C664EFFC-03AD-4CE0-8399-A0DD29FBC158}" coords="(0,0,63,48)"/>
        </link>
        <link targetPageID="801497A4-FDC3-43C9-A530-6963AA01E4FB" linkType="ltPageLink" isApplyIncludePage="False" title="+Profile">
          <area shape="0" alt="" ID="{2592FD68-F7E1-45DC-A118-B906D4C73F67}" coords="(63,0,131,48)"/>
        </link>
        <link targetPageID="E607C53E-AE98-4034-8537-E63F332218F9" linkType="ltPageLink" isApplyIncludePage="False" title="+Courses">
          <area shape="0" alt="" ID="{10F3683A-34F9-41E4-980D-5B4D9020304D}" coords="(131,0,207,48)"/>
        </link>
      </links>
      <font family="Segoe+UI" displayName="Segoe+UI" postScript="" weightStyle="Regular" weight="400" isBold="False" isItalic="False"/>
      <text>Home%2C+Profile%2C+Courses</text>
      <lineSpacing>0</lineSpacing>
      <selectedIndex>2</selectedIndex>
      <selectedColor>4294927872</selectedColor>
    </control>
    <control controlID="F0EECF41-C2DF-432D-92CA-60ACF08A5F92" controlTypeID="TextArea" x="298" y="210" w="795" h="66" zOrder="1">
      <font family="Segoe+UI" displayName="Segoe+UI+Bold" postScript="" weightStyle="Bold" weight="700" isBold="True" isItalic="False"/>
      <text>Nexo+Token+Enjoys+Short-Lived+Rally+Upon+Binance+Listing</text>
      <textSize>28</textSize>
      <textStyles>[fsBold]</textStyles>
      <useDefaultTextSize>False</useDefaultTextSize>
      <selectedIndex>-1</selectedIndex>
    </control>
    <control controlID="F262D782-A127-41D3-8302-3D92D1B0CB8C" controlTypeID="Image" x="1844" y="10" w="66" h="56" zOrder="2">
      <clipShapeType>SbEllipse</clipShapeType>
      <URL>B5262111FDCF61006F3AE29A20B31320.jpg</URL>
    </control>
    <control controlID="C1EB2F1D-0E81-4FE0-8DB1-292493DC4EB7" controlTypeID="Label" x="1850" y="76" w="52" h="16" zOrder="3">
      <font family="Segoe+UI" displayName="Segoe+UI" postScript="" weightStyle="Regular" weight="400" isBold="False" isItalic="False"/>
      <text>Welcome%2C</text>
      <textSize>12</textSize>
      <lineSpacing>0</lineSpacing>
      <selectedIndex>-1</selectedIndex>
    </control>
    <control controlID="7B086BFE-483D-4860-84FD-F3CD232B9248" controlTypeID="Label" x="1852" y="92" w="50" h="16" zOrder="4">
      <font family="Segoe+UI" displayName="Segoe+UI" postScript="" weightStyle="Regular" weight="400" isBold="False" isItalic="False"/>
      <text>John+Doe</text>
      <textSize>12</textSize>
      <lineSpacing>0</lineSpacing>
      <selectedIndex>-1</selectedIndex>
    </control>
    <control controlID="20EB4F05-2D5D-4056-A105-F00717D4FB6E" controlTypeID="Label" x="1852" y="118" w="44" h="16" zOrder="5">
      <color>13382502</color>
      <links eventType="AtClick" animate="AmNone" animateAutoDelay="0" animateDuration="500">
        <link targetPageID="D9B50897-D00D-4C59-8AD4-3BC2491D071E" linkType="ltPageLink" isApplyIncludePage="False" title="Login">
          <area shape="0" alt="" ID="{D168A615-D852-44DD-A179-65EB313756E0}" coords="(0,0,44,16)"/>
        </link>
      </links>
      <font family="Segoe+UI" displayName="Segoe+UI" postScript="" weightStyle="Regular" weight="400" isBold="False" isItalic="False"/>
      <text>Sign+out</text>
      <textColor>4278216447</textColor>
      <textSize>12</textSize>
      <lineSpacing>0</lineSpacing>
      <textStyles>[fsUnderline]</textStyles>
      <selectedIndex>-1</selectedIndex>
    </control>
    <control controlID="D8B247E4-220A-46E3-9BF5-A911129F686B" controlTypeID="VideoPlayer" x="298" y="744" w="429" h="267" zOrder="6"/>
    <control controlID="B7A6FD2E-B03C-4DC3-A543-92CD63611B03" controlTypeID="BreadCrumbs" x="10" y="1054" w="220" h="16" zOrder="7">
      <links eventType="AtClick" animate="AmNone" animateAutoDelay="0" animateDuration="500">
        <link targetPageID="DD15667D-F578-4164-B09A-E4F68C3AE0B0" linkType="ltPageLink" isApplyIncludePage="False" title="CryptoUni">
          <area shape="0" alt="" ID="{880E4E60-B980-4ACF-9E55-F3D54A9F8A54}" coords="(0,0,54,16)"/>
        </link>
        <link targetPageID="E607C53E-AE98-4034-8537-E63F332218F9" linkType="ltPageLink" isApplyIncludePage="False" title="Courses">
          <area shape="0" alt="" ID="{FB3F4EF5-10C1-43D8-87D0-3A3762F01F0F}" coords="(66,0,108,16)"/>
        </link>
        <link targetPageID="3949D9E9-A544-45F2-8DDD-BCB441A9BAB4" linkType="ltPageLink" isApplyIncludePage="False" title="Nexo+Token+Enjoys">
          <area shape="0" alt="" ID="{71E02B17-7523-470A-A588-02B1709E752F}" coords="(120,0,220,16)"/>
        </link>
      </links>
      <font family="Segoe+UI" displayName="Segoe+UI" postScript="" weightStyle="Regular" weight="400" isBold="False" isItalic="False"/>
      <text>CryptoUni%2CCourses%2CNexo+Token+Enjoys</text>
      <lineSpacing>0</lineSpacing>
    </control>
    <control controlID="E5518F09-05D3-4065-AEEC-76555CE7126A" controlTypeID="TextArea" x="298" y="276" w="429" h="954" zOrder="8">
      <font family="Segoe+UI" displayName="Segoe+UI" postScript="" weightStyle="Regular" weight="400" isBold="False" isItalic="False"/>
      <text>NEXO%2C+the+token+of+the+Nexo+crypto+lending+protocol+that+offers+credit+cards+and+loans+to+retail+users%2C+surged+over+the+last+24+hours+after+one+of+the+world%E2%80%99s+largest+exchanges%2C+Binance%2C+listed+the+token.%0D%0AThe+token+peaked+at+$3.64%2C+just+13%25+off+its+all-time+high+in+February.+The+token+increased+by+nearly+60%25+in+the+space+of+a+few+hours+after+Binance's+listing+went+live+earlier+Friday.+Nexo+has+since+retreated+to+trade+at+around+$2.33%2C+but+is+still+up+6%25+over+the+last+24+hours.+The+token's+market+capitalization+is+$1.3+billion.</text>
      <textSize>18</textSize>
      <useDefaultTextSize>False</useDefaultTextSize>
      <selectedIndex>-1</selectedIndex>
    </control>
    <control controlID="4475F263-592B-48EC-801C-520296481D5A" controlTypeID="Image" x="-2" y="144" w="1922" h="56" zOrder="9">
      <URL>B5444625A8FFA1FB9B0B2DFD0F176A71.png</URL>
    </control>
    <control controlID="EE64ECF8-350B-4CDD-A956-A626368DA4FB" controlTypeID="Image" x="42" y="20" w="152" h="114" zOrder="10">
      <URL>D648F122E98A4063A6FA99BD6DDE48E2.png</URL>
    </control>
    <control controlID="07C0A02D-CA50-40AA-B477-6EF8501EB100" controlTypeID="Image" x="817" y="269" w="716" h="451" zOrder="11">
      <URL>5C2465F475E009F8E2C5B6D4E87A88FE.png</URL>
    </control>
    <control controlID="ABF82DFB-DF48-4179-AF54-4F950EB1B1D6" controlTypeID="Button" x="1697" y="1042" w="208" h="28" zOrder="12">
      <states>
        <state propName="Color" stateType="state_mouseOver" isChecked="True" value="4278190080" varType="20"/>
      </states>
      <color>4294927872</color>
      <borderVisible>False</borderVisible>
      <links eventType="AtClick" animate="AmNone" animateAutoDelay="0" animateDuration="500">
        <link targetPageID="901872BE-ABD1-4E3E-A86A-5B17FBFFAAC4" linkType="ltPageLink" isApplyIncludePage="False" title="Test">
          <area shape="0" alt="" ID="{2B897855-18A1-455F-BB61-FC9C0028F534}" coords="(0,0,208,28)"/>
        </link>
      </links>
      <font family="Segoe+UI" displayName="Segoe+UI" postScript="" weightStyle="Regular" weight="400" isBold="False" isItalic="False" useDefaultFontFamily="False"/>
      <text>Take+the+Test!!</text>
      <textColor>4294967295</textColor>
      <textSize>12</textSize>
      <lineSpacing>0</lineSpacing>
      <selectedIndex>-1</selectedIndex>
      <radius>100</radius>
      <radiusIsPercent>True</radiusIsPercent>
    </control>
    <control controlID="8F137BF6-B034-4FEA-B535-A0385769AEF5" controlTypeID="List" x="71" y="206" w="168" h="252" zOrder="13">
      <verticalScrollbarShow>True</verticalScrollbarShow>
      <links eventType="AtClick" animate="AmNone" animateAutoDelay="0" animateDuration="500">
        <link targetPageID="24611FF3-AD0D-4192-A844-A58F95AA3808" linkType="ltPageLink" isApplyIncludePage="False" title="ApeCoin+Futures+See+$36M+in+Liquidations+After+Volatile+Trading">
          <area shape="0" alt="" ID="{4DB4179F-AB37-418D-B063-C666801FD12A}" coords="(1,1,167,26)"/>
        </link>
        <link targetPageID="05B4D03B-5CDB-489D-96AF-0C62D8E3728E" linkType="ltPageLink" isApplyIncludePage="False" title="Swiss+National+Bank+Owns+No+Bitcoin%2C+but+Could+Buy+in+the+Future%2C+Chairman+Says">
          <area shape="0" alt="" ID="{C9B9B002-4E05-4542-82A4-C0A92260F5E3}" coords="(1,26,167,51)"/>
        </link>
        <link targetPageID="09B867AD-8FC7-44DD-ADD0-B07DA24A9A87" linkType="ltPageLink" isApplyIncludePage="False" title="Cracking+the+Notification+Conundrum+in+Web+3+Apps">
          <area shape="0" alt="" ID="{BEEF219D-4720-4876-8FD4-689365684BAF}" coords="(1,51,167,76)"/>
        </link>
        <link targetPageID="3949D9E9-A544-45F2-8DDD-BCB441A9BAB4" linkType="ltPageLink" isApplyIncludePage="False" title="Nexo+Token+Enjoys+Short-Lived+Rally+Upon+Binance+Listing">
          <area shape="0" alt="" ID="{1026831E-E910-4692-BE92-3C50CD931924}" coords="(1,76,167,101)"/>
        </link>
        <link targetPageID="312FE25A-509D-4480-AFB7-65C41F710D60" linkType="ltPageLink" isApplyIncludePage="False" title="Goldman+Sachs+Makes+Its+First+Bitcoin-Backed+Loan">
          <area shape="0" alt="" ID="{5015D072-0B6E-4D01-879C-783972853367}" coords="(1,101,167,126)"/>
        </link>
        <link targetPageID="7C5F2EE7-736D-410A-9DCA-E66EF37C562C" linkType="ltPageLink" isApplyIncludePage="False" title="How+to+Spend+Your+Crypto+Using+Bitrefill%E2%80%99s+Gift+Card+Platform">
          <area shape="0" alt="" ID="{31D241D9-F16A-4828-B6A8-A8D878187D3E}" coords="(1,126,167,151)"/>
        </link>
        <link targetPageID="FAD1B585-30E2-4B4B-AD93-6C1EFF35203C" linkType="ltPageLink" isApplyIncludePage="False" title="A+Brief+Overview+of+Crypto+Payments+in+5+Charts">
          <area shape="0" alt="" ID="{B45B9009-CFD6-4A6C-95D3-2D6AEB5BCCAF}" coords="(1,151,167,176)"/>
        </link>
        <link targetPageID="5C92024A-5312-4579-AEF5-AA516B317194" linkType="ltPageLink" isApplyIncludePage="False" title="The+Crypto+Company+Aiding+El+Salvador%E2%80%99s+Bitcoin+Adoption">
          <area shape="0" alt="" ID="{F3E5965D-23EF-48AF-9CFD-1F31F4077158}" coords="(1,176,167,201)"/>
        </link>
      </links>
      <font family="Segoe+UI" displayName="Segoe+UI" postScript="" weightStyle="Regular" weight="400" isBold="False" isItalic="False" useDefaultFontFamily="False"/>
      <text>ApeCoin+Futures+See+$36M+in+Liquidations+After+Volatile+Trading%0D%0ASwiss+National+Bank+Owns+No+Bitcoin%2C+but+Could+Buy+in+the+Future%2C+Chairman+Says%0D%0ACracking+the+Notification+Conundrum+in+Web+3+Apps%0D%0ANexo+Token+Enjoys+Short-Lived+Rally+Upon+Binance+Listing%0D%0AGoldman+Sachs+Makes+Its+First+Bitcoin-Backed+Loan%0D%0AHow+to+Spend+Your+Crypto+Using+Bitrefill%E2%80%99s+Gift+Card+Platform%0D%0AA+Brief+Overview+of+Crypto+Payments+in+5+Charts%0D%0AThe+Crypto+Company+Aiding+El+Salvador%E2%80%99s+Bitcoin+Adoption%0D%0A</text>
      <lineSpacing>0</lineSpacing>
      <selectedIndex>3</selectedIndex>
      <selectedColor>4294927872</selectedColor>
    </control>
  </controls>
  <param>
    <backgroundColor>4294967295</backgroundColor>
    <fontSize>12</fontSize>
    <fontFamily>Segoe+UI</fontFamily>
    <guideLines/>
  </param>
</mockup>