﻿<mockup version="5.3" minAllowVersion="5.3" ID="D9B50897-D00D-4C59-8AD4-3BC2491D071E" platform="MtDesktop" defaultW="1920" defaultH="1080" measureW="1920" measureH="1080" mobileScreenScale="0">
  <controls controlCount="9">
    <control controlID="528B5204-3A0B-473E-B98C-614152F237F9" controlTypeID="TextArea" x="862" y="103" w="738" h="146" zOrder="0">
      <font family="Segoe+UI" displayName="Segoe+UI+Bold" postScript="" weightStyle="Bold" weight="700" isBold="True" isItalic="False"/>
      <text>Welcome+to</text>
      <textSize>28</textSize>
      <textStyles>[fsBold]</textStyles>
      <useDefaultTextSize>False</useDefaultTextSize>
      <selectedIndex>-1</selectedIndex>
    </control>
    <control controlID="CE667B53-6E86-4531-941D-A5A4574EE141" controlTypeID="TextArea" x="464" y="475" w="738" h="146" zOrder="1">
      <font family="Segoe+UI" displayName="Segoe+UI" postScript="" weightStyle="Regular" weight="400" isBold="False" isItalic="False"/>
      <text>Email%3A</text>
      <textSize>16</textSize>
      <useDefaultTextSize>False</useDefaultTextSize>
      <selectedIndex>-1</selectedIndex>
    </control>
    <control controlID="A4222510-5565-4D0B-92AD-CA03BC148F22" controlTypeID="TextArea" x="464" y="568" w="738" h="146" zOrder="2">
      <font family="Segoe+UI" displayName="Segoe+UI" postScript="" weightStyle="Regular" weight="400" isBold="False" isItalic="False"/>
      <text>Password%3A</text>
      <textSize>16</textSize>
      <useDefaultTextSize>False</useDefaultTextSize>
      <selectedIndex>-1</selectedIndex>
    </control>
    <control controlID="399715B2-99B5-4B24-832C-AFDE7D338A09" controlTypeID="TextInput" x="572" y="473" w="741" h="53" zOrder="3">
      <font family="Segoe+UI" displayName="Segoe+UI" postScript="" weightStyle="Regular" weight="400" isBold="False" isItalic="False"/>
      <textSize>12</textSize>
      <lineSpacing>0</lineSpacing>
      <selectedIndex>-1</selectedIndex>
    </control>
    <control controlID="4A29FE6E-B554-4773-9996-EDFC808BF226" controlTypeID="TextInput" x="572" y="568" w="743" h="53" zOrder="4">
      <font family="Segoe+UI" displayName="Segoe+UI" postScript="" weightStyle="Regular" weight="400" isBold="False" isItalic="False"/>
      <textSize>12</textSize>
      <lineSpacing>0</lineSpacing>
      <selectedIndex>-1</selectedIndex>
    </control>
    <control controlID="57E0B0D6-A7E7-41E9-B735-5D6CDED43963" controlTypeID="Button" x="775" y="680" w="338" h="104" zOrder="5">
      <states>
        <state propName="Color" stateType="state_mouseOver" isChecked="True" value="4278190080" varType="20"/>
      </states>
      <color>4278203238</color>
      <borderVisible>False</borderVisible>
      <links eventType="AtClick" animate="AmNone" animateAutoDelay="0" animateDuration="500">
        <link targetPageID="DD15667D-F578-4164-B09A-E4F68C3AE0B0" linkType="ltPageLink" isApplyIncludePage="False" title="Home">
          <area shape="0" alt="" ID="{2154C51E-2ADE-4D78-B23E-88EF287156D0}" coords="(0,0,338,104)"/>
        </link>
      </links>
      <font family="Segoe+UI" displayName="Segoe+UI" postScript="" weightStyle="Regular" weight="400" isBold="False" isItalic="False" useDefaultFontFamily="False"/>
      <text>Login</text>
      <textColor>4294967295</textColor>
      <textSize>12</textSize>
      <lineSpacing>0</lineSpacing>
      <selectedIndex>-1</selectedIndex>
      <radius>100</radius>
      <radiusIsPercent>True</radiusIsPercent>
    </control>
    <control controlID="D00253F5-A7D4-424B-8744-89631255BB6C" controlTypeID="TextArea" x="798" y="794" w="213" h="146" zOrder="6">
      <font family="Segoe+UI" displayName="Segoe+UI" postScript="" weightStyle="Regular" weight="400" isBold="False" isItalic="False"/>
      <text>Don't+have+an+account%3F+</text>
      <textSize>12</textSize>
      <selectedIndex>-1</selectedIndex>
    </control>
    <control controlID="56A24B98-6237-40F8-BEA5-221F96EFF8B9" controlTypeID="TextArea" x="991" y="794" w="99" h="24" zOrder="7">
      <links eventType="AtClick" animate="AmNone" animateAutoDelay="0" animateDuration="500">
        <link targetPageID="1922D841-7BA8-42E0-ABF3-8A43F75ECABC" linkType="ltPageLink" isApplyIncludePage="False" title="Register">
          <area shape="0" alt="" ID="{FEE8AC3E-043D-4673-90BB-79E33AF9B935}" coords="(0,0,99,24)"/>
        </link>
      </links>
      <font family="Segoe+UI" displayName="Segoe+UI" postScript="" weightStyle="Regular" weight="400" isBold="False" isItalic="False"/>
      <text>Register+here.</text>
      <textColor>4278203340</textColor>
      <textSize>12</textSize>
      <selectedIndex>-1</selectedIndex>
    </control>
    <control controlID="1E1E253F-6CFA-4FC5-832C-A91230DBD309" controlTypeID="Image" x="748" y="160" w="392" h="295" zOrder="8">
      <URL>D648F122E98A4063A6FA99BD6DDE48E2.png</URL>
    </control>
  </controls>
  <param>
    <backgroundColor>4294967295</backgroundColor>
    <fontSize>12</fontSize>
    <fontFamily>Segoe+UI</fontFamily>
    <guideLines/>
  </param>
</mockup>