﻿<mockup version="5.3" minAllowVersion="5.3" ID="FAD1B585-30E2-4B4B-AD93-6C1EFF35203C" platform="MtDesktop" defaultW="1920" defaultH="1080" measureW="1920" measureH="1080" mobileScreenScale="0">
  <controls controlCount="14">
    <control controlID="3DA57C55-5544-49BE-A0FB-4713FEC92E00" controlTypeID="List" x="71" y="206" w="168" h="252" zOrder="0">
      <verticalScrollbarShow>True</verticalScrollbarShow>
      <links eventType="AtClick" animate="AmNone" animateAutoDelay="0" animateDuration="500">
        <link targetPageID="24611FF3-AD0D-4192-A844-A58F95AA3808" linkType="ltPageLink" isApplyIncludePage="False" title="ApeCoin+Futures+See+$36M+in+Liquidations+After+Volatile+Trading">
          <area shape="0" alt="" ID="{4DB4179F-AB37-418D-B063-C666801FD12A}" coords="(1,1,167,26)"/>
        </link>
        <link targetPageID="05B4D03B-5CDB-489D-96AF-0C62D8E3728E" linkType="ltPageLink" isApplyIncludePage="False" title="Swiss+National+Bank+Owns+No+Bitcoin%2C+but+Could+Buy+in+the+Future%2C+Chairman+Says">
          <area shape="0" alt="" ID="{C9B9B002-4E05-4542-82A4-C0A92260F5E3}" coords="(1,26,167,51)"/>
        </link>
        <link targetPageID="09B867AD-8FC7-44DD-ADD0-B07DA24A9A87" linkType="ltPageLink" isApplyIncludePage="False" title="Cracking+the+Notification+Conundrum+in+Web+3+Apps">
          <area shape="0" alt="" ID="{BEEF219D-4720-4876-8FD4-689365684BAF}" coords="(1,51,167,76)"/>
        </link>
        <link targetPageID="3949D9E9-A544-45F2-8DDD-BCB441A9BAB4" linkType="ltPageLink" isApplyIncludePage="False" title="Nexo+Token+Enjoys+Short-Lived+Rally+Upon+Binance+Listing">
          <area shape="0" alt="" ID="{1026831E-E910-4692-BE92-3C50CD931924}" coords="(1,76,167,101)"/>
        </link>
        <link targetPageID="312FE25A-509D-4480-AFB7-65C41F710D60" linkType="ltPageLink" isApplyIncludePage="False" title="Goldman+Sachs+Makes+Its+First+Bitcoin-Backed+Loan">
          <area shape="0" alt="" ID="{5015D072-0B6E-4D01-879C-783972853367}" coords="(1,101,167,126)"/>
        </link>
        <link targetPageID="7C5F2EE7-736D-410A-9DCA-E66EF37C562C" linkType="ltPageLink" isApplyIncludePage="False" title="How+to+Spend+Your+Crypto+Using+Bitrefill%E2%80%99s+Gift+Card+Platform">
          <area shape="0" alt="" ID="{31D241D9-F16A-4828-B6A8-A8D878187D3E}" coords="(1,126,167,151)"/>
        </link>
        <link targetPageID="FAD1B585-30E2-4B4B-AD93-6C1EFF35203C" linkType="ltPageLink" isApplyIncludePage="False" title="A+Brief+Overview+of+Crypto+Payments+in+5+Charts">
          <area shape="0" alt="" ID="{B45B9009-CFD6-4A6C-95D3-2D6AEB5BCCAF}" coords="(1,151,167,176)"/>
        </link>
        <link targetPageID="5C92024A-5312-4579-AEF5-AA516B317194" linkType="ltPageLink" isApplyIncludePage="False" title="The+Crypto+Company+Aiding+El+Salvador%E2%80%99s+Bitcoin+Adoption">
          <area shape="0" alt="" ID="{F3E5965D-23EF-48AF-9CFD-1F31F4077158}" coords="(1,176,167,201)"/>
        </link>
      </links>
      <font family="Segoe+UI" displayName="Segoe+UI" postScript="" weightStyle="Regular" weight="400" isBold="False" isItalic="False" useDefaultFontFamily="False"/>
      <text>ApeCoin+Futures+See+$36M+in+Liquidations+After+Volatile+Trading%0D%0ASwiss+National+Bank+Owns+No+Bitcoin%2C+but+Could+Buy+in+the+Future%2C+Chairman+Says%0D%0ACracking+the+Notification+Conundrum+in+Web+3+Apps%0D%0ANexo+Token+Enjoys+Short-Lived+Rally+Upon+Binance+Listing%0D%0AGoldman+Sachs+Makes+Its+First+Bitcoin-Backed+Loan%0D%0AHow+to+Spend+Your+Crypto+Using+Bitrefill%E2%80%99s+Gift+Card+Platform%0D%0AA+Brief+Overview+of+Crypto+Payments+in+5+Charts%0D%0AThe+Crypto+Company+Aiding+El+Salvador%E2%80%99s+Bitcoin+Adoption%0D%0A</text>
      <lineSpacing>0</lineSpacing>
      <selectedIndex>6</selectedIndex>
      <selectedColor>4294927872</selectedColor>
    </control>
    <control controlID="F24B3959-93A0-4434-BE86-4EE52640DC08" controlTypeID="MenuBar" x="384" y="52" w="282" h="48" zOrder="1">
      <links eventType="AtClick" animate="AmNone" animateAutoDelay="0" animateDuration="500">
        <link targetPageID="DD15667D-F578-4164-B09A-E4F68C3AE0B0" linkType="ltPageLink" isApplyIncludePage="False" title="Home">
          <area shape="0" alt="" ID="{C664EFFC-03AD-4CE0-8399-A0DD29FBC158}" coords="(0,0,63,48)"/>
        </link>
        <link targetPageID="801497A4-FDC3-43C9-A530-6963AA01E4FB" linkType="ltPageLink" isApplyIncludePage="False" title="+Profile">
          <area shape="0" alt="" ID="{2592FD68-F7E1-45DC-A118-B906D4C73F67}" coords="(63,0,131,48)"/>
        </link>
        <link targetPageID="E607C53E-AE98-4034-8537-E63F332218F9" linkType="ltPageLink" isApplyIncludePage="False" title="+Courses">
          <area shape="0" alt="" ID="{10F3683A-34F9-41E4-980D-5B4D9020304D}" coords="(131,0,207,48)"/>
        </link>
      </links>
      <font family="Segoe+UI" displayName="Segoe+UI" postScript="" weightStyle="Regular" weight="400" isBold="False" isItalic="False"/>
      <text>Home%2C+Profile%2C+Courses</text>
      <lineSpacing>0</lineSpacing>
      <selectedIndex>2</selectedIndex>
      <selectedColor>4294927872</selectedColor>
    </control>
    <control controlID="35BD29DB-FB2C-4A13-951A-5C569DDC84DE" controlTypeID="TextArea" x="298" y="210" w="646" h="66" zOrder="2">
      <font family="Segoe+UI" displayName="Segoe+UI+Bold" postScript="" weightStyle="Bold" weight="700" isBold="True" isItalic="False"/>
      <text>A+Brief+Overview+of+Crypto+Payments+in+5+Charts%0D%0A</text>
      <textSize>28</textSize>
      <textStyles>[fsBold]</textStyles>
      <useDefaultTextSize>False</useDefaultTextSize>
      <selectedIndex>-1</selectedIndex>
    </control>
    <control controlID="ED40DA91-60F2-4C2B-850F-4D4F12702C5C" controlTypeID="Image" x="1834" y="10" w="66" h="56" zOrder="3">
      <clipShapeType>SbEllipse</clipShapeType>
      <URL>B5262111FDCF61006F3AE29A20B31320.jpg</URL>
    </control>
    <control controlID="E76574B2-9C10-4080-911C-5C2546C7E059" controlTypeID="Label" x="1840" y="76" w="52" h="16" zOrder="4">
      <font family="Segoe+UI" displayName="Segoe+UI" postScript="" weightStyle="Regular" weight="400" isBold="False" isItalic="False"/>
      <text>Welcome%2C</text>
      <textSize>12</textSize>
      <lineSpacing>0</lineSpacing>
      <selectedIndex>-1</selectedIndex>
    </control>
    <control controlID="C7936F13-6673-4B1A-8A56-1D422B3EBFEC" controlTypeID="Label" x="1842" y="92" w="50" h="16" zOrder="5">
      <font family="Segoe+UI" displayName="Segoe+UI" postScript="" weightStyle="Regular" weight="400" isBold="False" isItalic="False"/>
      <text>John+Doe</text>
      <textSize>12</textSize>
      <lineSpacing>0</lineSpacing>
      <selectedIndex>-1</selectedIndex>
    </control>
    <control controlID="CD3673E2-A137-4BBA-98F8-20806636056A" controlTypeID="Label" x="1842" y="118" w="44" h="16" zOrder="6">
      <color>13382502</color>
      <links eventType="AtClick" animate="AmNone" animateAutoDelay="0" animateDuration="500">
        <link targetPageID="D9B50897-D00D-4C59-8AD4-3BC2491D071E" linkType="ltPageLink" isApplyIncludePage="False" title="Login">
          <area shape="0" alt="" ID="{D168A615-D852-44DD-A179-65EB313756E0}" coords="(0,0,44,16)"/>
        </link>
      </links>
      <font family="Segoe+UI" displayName="Segoe+UI" postScript="" weightStyle="Regular" weight="400" isBold="False" isItalic="False"/>
      <text>Sign+out</text>
      <textColor>4278216447</textColor>
      <textSize>12</textSize>
      <lineSpacing>0</lineSpacing>
      <textStyles>[fsUnderline]</textStyles>
      <selectedIndex>-1</selectedIndex>
    </control>
    <control controlID="A1D3E9DF-E24D-4F9F-9A97-757DE9D477FF" controlTypeID="TextArea" x="298" y="270" w="429" h="664" zOrder="7">
      <font family="Segoe+UI" displayName="Segoe+UI" postScript="" weightStyle="Regular" weight="400" isBold="False" isItalic="False"/>
      <text>Bitcoin%E2%80%99s+inception+in+2009+was+steeped+in+hopes+of+doing+away+with+trusted+third+parties+for+online+peer-to-peer+transactions.+In+fact%2C+that+is+the+first+sentence+in+the+abstract+of+its+white+paper.%0D%0A%0D%0AGiven+the+evolution+of+Bitcoin+over+the+last+13+years%2C+most+notably+elevated+transaction+fees%2C+various+cryptocurrency+projects+and+protocols+have+popped+up+as+a+means+to+send+online+payments%2C+both+on+Bitcoin+and+on+other+blockchains.+Be+it+the+increased+adoption+of+Bitcoin%E2%80%99s+Lightning+Network+or+the+tremendous+growth+of+the+gaggle+of+stablecoins%2C+both+collateralized+and+algorithmic%2C+there%E2%80%99s+no+denying+that+cryptocurrencies+are+hyper-focused+on+solving+payments.</text>
      <textSize>18</textSize>
      <useDefaultTextSize>False</useDefaultTextSize>
      <selectedIndex>-1</selectedIndex>
    </control>
    <control controlID="F6FC2239-4C64-4891-A923-61D4E1A3CDCD" controlTypeID="VideoPlayer" x="298" y="727" w="429" h="267" zOrder="8"/>
    <control controlID="1CA7B76A-9A55-4994-BC77-BED21B382A20" controlTypeID="Image" x="-2" y="144" w="1922" h="56" zOrder="9">
      <URL>B5444625A8FFA1FB9B0B2DFD0F176A71.png</URL>
    </control>
    <control controlID="CFF26FAB-1B65-4B91-BEA0-AE61AC743970" controlTypeID="Image" x="42" y="20" w="152" h="114" zOrder="10">
      <URL>D648F122E98A4063A6FA99BD6DDE48E2.png</URL>
    </control>
    <control controlID="FEA21098-6DC6-451B-8E51-743356AE7CD4" controlTypeID="Image" x="812" y="276" w="576" h="415" zOrder="11">
      <URL>4EC15E99E29EAECCBBCC2973BABFFB8E.png</URL>
    </control>
    <control controlID="A8AB9D77-0C75-4B88-AFFF-AA88621B2160" controlTypeID="Button" x="1697" y="1042" w="208" h="28" zOrder="12">
      <states>
        <state propName="Color" stateType="state_mouseOver" isChecked="True" value="4278190080" varType="20"/>
      </states>
      <color>4294927872</color>
      <borderVisible>False</borderVisible>
      <links eventType="AtClick" animate="AmNone" animateAutoDelay="0" animateDuration="500">
        <link targetPageID="901872BE-ABD1-4E3E-A86A-5B17FBFFAAC4" linkType="ltPageLink" isApplyIncludePage="False" title="Test">
          <area shape="0" alt="" ID="{2B897855-18A1-455F-BB61-FC9C0028F534}" coords="(0,0,208,28)"/>
        </link>
      </links>
      <font family="Segoe+UI" displayName="Segoe+UI" postScript="" weightStyle="Regular" weight="400" isBold="False" isItalic="False" useDefaultFontFamily="False"/>
      <text>Take+the+Test!!</text>
      <textColor>4294967295</textColor>
      <textSize>12</textSize>
      <lineSpacing>0</lineSpacing>
      <selectedIndex>-1</selectedIndex>
      <radius>100</radius>
      <radiusIsPercent>True</radiusIsPercent>
    </control>
    <control controlID="06E5C36A-97DD-4BB8-9A42-94E0E3760DA2" controlTypeID="BreadCrumbs" x="10" y="1054" w="206" h="16" zOrder="13">
      <links eventType="AtClick" animate="AmNone" animateAutoDelay="0" animateDuration="500">
        <link targetPageID="DD15667D-F578-4164-B09A-E4F68C3AE0B0" linkType="ltPageLink" isApplyIncludePage="False" title="CryptoUni">
          <area shape="0" alt="" ID="{880E4E60-B980-4ACF-9E55-F3D54A9F8A54}" coords="(0,0,54,16)"/>
        </link>
        <link targetPageID="E607C53E-AE98-4034-8537-E63F332218F9" linkType="ltPageLink" isApplyIncludePage="False" title="Courses">
          <area shape="0" alt="" ID="{FB3F4EF5-10C1-43D8-87D0-3A3762F01F0F}" coords="(66,0,108,16)"/>
        </link>
        <link targetPageID="3949D9E9-A544-45F2-8DDD-BCB441A9BAB4" linkType="ltPageLink" isApplyIncludePage="False" title="A+Brief+overview">
          <area shape="0" alt="" ID="{71E02B17-7523-470A-A588-02B1709E752F}" coords="(120,0,206,16)"/>
        </link>
      </links>
      <font family="Segoe+UI" displayName="Segoe+UI" postScript="" weightStyle="Regular" weight="400" isBold="False" isItalic="False"/>
      <text>CryptoUni%2CCourses%2CA+Brief+overview</text>
      <lineSpacing>0</lineSpacing>
    </control>
  </controls>
  <param>
    <backgroundColor>4294967295</backgroundColor>
    <fontSize>12</fontSize>
    <fontFamily>Segoe+UI</fontFamily>
    <guideLines/>
  </param>
</mockup>